{
  "id": "3548161",
  "name": "高级简历",
  "font_family": "iconfont",
  "css_prefix_text": "icon-",
  "description": "",
  "glyphs": [
    {
      "icon_id": "5431164",
      "name": "电子邮箱",
      "font_class": "dianziyouxiang",
      "unicode": "e616",
      "unicode_decimal": 58902
    },
    {
      "icon_id": "15220278",
      "name": "电子邮箱",
      "font_class": "dianziyouxiang1",
      "unicode": "e6d9",
      "unicode_decimal": 59097
    },
    {
      "icon_id": "6548528",
      "name": "点赞",
      "font_class": "dianzan",
      "unicode": "e653",
      "unicode_decimal": 58963
    },
    {
      "icon_id": "15220288",
      "name": "手机号码",
      "font_class": "shoujihaoma",
      "unicode": "e6da",
      "unicode_decimal": 59098
    },
    {
      "icon_id": "26323684",
      "name": "电子邮箱",
      "font_class": "dianziyouxiang2",
      "unicode": "e750",
      "unicode_decimal": 59216
    }
  ]
}
